<?xml version="1.0" encoding="UTF-8"?>
<project-private xmlns="http://www.netbeans.org/ns/project-private/1">
    <editor-bookmarks xmlns="http://www.netbeans.org/ns/editor-bookmarks/2" lastBookmarkId="0"/>
    <open-files xmlns="http://www.netbeans.org/ns/projectui-open-files/2">
        <group>
            <file>file:/D:/Usuarios/Alonso/Descargas/DataSystem%20(1)/EntregaFinal/src/ventanas/Administrador.java</file>
            <file>file:/D:/Usuarios/Alonso/Descargas/DataSystem%20(1)/EntregaFinal/src/ventanas/AcercaDe.java</file>
            <file>file:/D:/Usuarios/Alonso/Descargas/DataSystem%20(1)/EntregaFinal/src/clases/Conexion.java</file>
            <file>file:/D:/Usuarios/Alonso/Descargas/DataSystem%20(1)/EntregaFinal/src/ventanas/Capturista.java</file>
        </group>
    </open-files>
</project-private>
